zip,description,timestamp,lng,lat,place,city
47906,2 individuals weekly,5/3/2020 11:11:09,-86.92,40.43,"West Lafayette, Indiana 47906, United States","West Lafayette, Indiana"
49418,24 individuals Every other week,5/4/2020 0:03:12,-85.76,42.88,"Grandville, Michigan 49418, United States","Grandville, Michigan"
45322,5 individuals Weekly,6/2/2020 17:45:33,-84.28,39.86,"Englewood, Ohio 45322, United States","Englewood, Ohio"
48423,15 individuals Weekly,6/3/2020 6:43:44,-83.52,43.03,"Davison, Michigan 48423, United States","Davison, Michigan"
47374,7 individuals Weekly,6/3/2020 7:32:05,-84.89,39.83,"Richmond, Indiana 47374, United States","Richmond, Indiana"
43040,5 individuals Monthly,6/3/2020 8:38:58,-83.38,40.25,"Marysville, Ohio 43040, United States","Marysville, Ohio"
43342,5 individuals Monthly,6/3/2020 8:42:37,-83.19,40.45,"Prospect, Ohio 43342, United States","Prospect, Ohio"
46260,2 individuals every other week,6/3/2020 9:36:40,-86.16,39.93,"Indianapolis, Indiana 46260, United States","Indianapolis, Indiana"
48108,5 individuals Weekly,6/3/2020 15:19:32,-83.75,42.24,"Ann Arbor, Michigan 48108, United States","Ann Arbor, Michigan"
48105,12 individuals weekly,6/3/2020 17:15:22,-83.72,42.3,"Ann Arbor, Michigan 48105, United States","Ann Arbor, Michigan"
44646,2 individuals weekly,6/3/2020 18:29:18,-81.52,40.8,"Massillon, Ohio 44646, United States","Massillon, Ohio"
44264,11 individuals Weekly,6/3/2020 22:22:24,-81.5,41.25,"Peninsula, Ohio 44264, United States","Peninsula, Ohio"
44264,7 individuals Weekly,6/3/2020 22:24:36,-81.5,41.25,"Peninsula, Ohio 44264, United States","Peninsula, Ohio"
45420,40 individuals weekly,6/4/2020 21:25:13,-84.17,39.74,"Dayton, Ohio 45420, United States","Dayton, Ohio"
45440,8 individuals Monthly,6/5/2020 13:08:13,-84.1,39.69,"Dayton, Ohio 45440, United States","Dayton, Ohio"
48322,8 individuals Monthly,6/6/2020 15:46:46,-83.36,42.54,"West Bloomfield, Michigan 48322, United States","West Bloomfield, Michigan"
43081,16 individuals WEEKLY,6/10/2020 9:35:49,-82.94,40.13,"Westerville, Ohio 43081, United States","Westerville, Ohio"
45069,4 individuals Week,6/10/2020 11:14:31,-84.43,39.32,"West Chester, Ohio 45069, United States","West Chester, Ohio"
48423,10 individuals weekly,6/10/2020 15:46:12,-83.52,43.03,"Davison, Michigan 48423, United States","Davison, Michigan"
43040,10 individuals Weekly,6/12/2020 14:49:20,-83.38,40.25,"Marysville, Ohio 43040, United States","Marysville, Ohio"
49735,6 individuals Weekly,6/12/2020 15:04:29,-84.68,45.03,"Gaylord, Michigan 49735, United States","Gaylord, Michigan"
47130,8 individuals Weekly,6/12/2020 15:07:23,-85.75,38.27,"Jeffersonville, Indiana 47130, United States","Jeffersonville, Indiana"
48178,10 individuals monthly,6/12/2020 15:32:08,-83.65,42.44,"South Lyon, Michigan 48178, United States","South Lyon, Michigan"
43078,20 individuals Monthly,6/12/2020 18:32:12,-83.75,40.11,"Urbana, Ohio 43078, United States","Urbana, Ohio"
44685,48 individuals Weekly,6/12/2020 20:18:46,-81.46,40.97,"Uniontown, Ohio 44685, United States","Uniontown, Ohio"
45742,12 individuals monthly,6/12/2020 20:49:55,-81.72,39.28,"Little Hocking, Ohio 45742, United States","Little Hocking, Ohio"
48423,3 individuals Weekly on Fridays,6/12/2020 22:24:37,-83.52,43.03,"Davison, Michigan 48423, United States","Davison, Michigan"
44118,19 individuals weekly,6/13/2020 11:17:04,-81.53,41.49,"Cleveland, Ohio 44118, United States","Cleveland, Ohio"
43219,45 individuals Started monthly now bi-weekly,6/13/2020 17:32:27,-82.92,40.05,"Columbus, Ohio 43219, United States","Columbus, Ohio"
48423,4 individuals Weekly,6/13/2020 21:56:06,-83.52,43.03,"Davison, Michigan 48423, United States","Davison, Michigan"
43209,6 individuals weekly on Fridays at 6:00pm,6/13/2020 23:20:44,-82.94,39.95,"Columbus, Ohio 43209, United States","Columbus, Ohio"
44902,3 individuals Once month,6/14/2020 10:29:49,-82.52,40.76,"Mansfield, Ohio 44902, United States","Mansfield, Ohio"
46947,0 individuals Monthly,6/14/2020 21:33:10,-86.33,40.76,"Logansport, Indiana 46947, United States","Logansport, Indiana"
44118,6 individuals Every other week,6/14/2020 22:42:47,-81.53,41.49,"Cleveland, Ohio 44118, United States","Cleveland, Ohio"
46807,4 individuals weekely,6/15/2020 10:00:06,-85.14,41.05,"Fort Wayne, Indiana 46807, United States","Fort Wayne, Indiana"
46032,"2 individuals once a week, Thursdays",6/15/2020 14:57:26,-86.13,40,"Carmel, Indiana 46032, United States","Carmel, Indiana"
48420,5 individuals Monthly,6/16/2020 8:40:04,-83.73,43.18,"Clio, Michigan 48420, United States","Clio, Michigan"
45387,"9 individuals every other week at least, sometimes more",6/16/2020 22:33:03,-83.89,39.81,"Yellow Springs, Ohio 45387, United States","Yellow Springs, Ohio"
43221,30 individuals Monthly,6/17/2020 13:22:23,-83.04,40,"Columbus, Ohio 43221, United States","Columbus, Ohio"
47401,2 individuals Daily,6/19/2020 2:45:02,-86.5,39.16,"Bloomington, Indiana 47401, United States","Bloomington, Indiana"
46278,9 individuals Once a month,6/19/2020 16:57:51,-86.27,39.88,"Indianapolis, Indiana 46278, United States","Indianapolis, Indiana"
44146,7 individuals weekly,6/20/2020 10:34:54,-81.53,41.4,"Bedford, Ohio 44146, United States","Bedford, Ohio"
44146,8 individuals daily,6/20/2020 10:38:01,-81.53,41.4,"Bedford, Ohio 44146, United States","Bedford, Ohio"
46224,4 individuals 5-6 days per week,6/20/2020 12:55:38,-86.24,39.79,"Indianapolis, Indiana 46224, United States","Indianapolis, Indiana"
47906,50 individuals every other week,6/21/2020 15:49:55,-86.92,40.43,"West Lafayette, Indiana 47906, United States","West Lafayette, Indiana"
47906,4 individuals Weekly,6/21/2020 16:20:44,-86.92,40.43,"West Lafayette, Indiana 47906, United States","West Lafayette, Indiana"
47130,8 individuals Weekly,6/22/2020 15:06:29,-85.75,38.27,"Jeffersonville, Indiana 47130, United States","Jeffersonville, Indiana"
44857,1 individuals Monthly,6/23/2020 10:20:32,-82.61,41.24,"Norwalk, Ohio 44857, United States","Norwalk, Ohio"
44116,3 individuals Bi-monthly,6/23/2020 16:37:08,-81.85,41.46,"Rocky River, Ohio 44116, United States","Rocky River, Ohio"
46260,2 individuals weekly,6/24/2020 12:40:06,-86.16,39.93,"Indianapolis, Indiana 46260, United States","Indianapolis, Indiana"
45231,2 individuals Weekly,6/25/2020 19:24:46,-84.52,39.22,"Cincinnati, Ohio 45231, United States","Cincinnati, Ohio"
48423,2 individuals Once,6/26/2020 7:45:35,-83.52,43.03,"Davison, Michigan 48423, United States","Davison, Michigan"
48423,10 individuals Juneteenth Evening,6/26/2020 7:47:29,-83.52,43.03,"Davison, Michigan 48423, United States","Davison, Michigan"
44406,3 individuals Monthly,6/26/2020 11:21:03,-80.76,41.01,"Canfield, Ohio 44406, United States","Canfield, Ohio"
44119,2 individuals Weekly,6/26/2020 11:27:59,-81.53,41.59,"Cleveland, Ohio 44119, United States","Cleveland, Ohio"
43551,6 individuals Monthly,6/26/2020 12:28:38,-83.6,41.55,"Perrysburg, Ohio 43551, United States","Perrysburg, Ohio"
43551,6 individuals Monthly,6/26/2020 12:33:03,-83.6,41.55,"Perrysburg, Ohio 43551, United States","Perrysburg, Ohio"
44121,6 individuals First and Third Tuesday of the month,6/26/2020 12:41:06,-81.54,41.53,"Cleveland, Ohio 44121, United States","Cleveland, Ohio"
48198,2 individuals Weekly,6/26/2020 13:40:14,-83.61,42.24,"Ypsilanti, Michigan 48198, United States","Ypsilanti, Michigan"
44122,24 individuals 2nd and 4th Friday,6/26/2020 22:07:12,-81.5,41.5,"Beachwood, Ohio 44122, United States","Beachwood, Ohio"
44022,2 individuals Daily,6/27/2020 22:06:20,-81.39,41.43,"Chagrin Falls, Ohio 44022, United States","Chagrin Falls, Ohio"
48126,5 individuals Every other week,6/28/2020 10:31:07,-83.22,42.32,"Dearborn, Michigan 48126, United States","Dearborn, Michigan"
48223,6 individuals Bimonthly,6/28/2020 10:32:43,-83.22,42.39,"Detroit, Michigan 48223, United States","Detroit, Michigan"
48439,9 individuals weekly,6/28/2020 10:34:08,-83.62,42.92,"Grand Blanc, Michigan 48439, United States","Grand Blanc, Michigan"
44072,3 individuals weekly,6/29/2020 16:48:43,-81.34,41.48,"Novelty, Ohio 44072, United States","Novelty, Ohio"
46220,2 individuals weekly,6/29/2020 19:22:33,-86.14,39.87,"Indianapolis, Indiana 46220, United States","Indianapolis, Indiana"
43078,5 individuals monthly,6/30/2020 23:41:00,-83.75,40.11,"Urbana, Ohio 43078, United States","Urbana, Ohio"
48423,2 individuals Daily Dawn Devotionals,7/6/2020 6:18:15,-83.52,43.03,"Davison, Michigan 48423, United States","Davison, Michigan"
48473,4 individuals Weekly,7/8/2020 11:22:10,-83.84,42.96,"Swartz Creek, Michigan 48473, United States","Swartz Creek, Michigan"
48083,10 individuals Every week (used to be every month),7/9/2020 6:52:20,-83.11,42.54,"Troy, Michigan 48083, United States","Troy, Michigan"
49001,"3 individuals Weekly, 8:00am Sunday",7/9/2020 16:16:58,-85.56,42.25,"Kalamazoo, Michigan 49001, United States","Kalamazoo, Michigan"
45431,1 individuals Weekly,7/9/2020 22:55:02,-84.05,39.77,"Dayton, Ohio 45431, United States","Dayton, Ohio"
48235,10 individuals monthly,7/10/2020 23:19:21,-83.18,42.42,"Detroit, Michigan 48235, United States","Detroit, Michigan"
46635,5 individuals Weekly,7/12/2020 13:13:13,-86.21,41.7,"South Bend, Indiana 46635, United States","South Bend, Indiana"
49684,4 individuals weekly,7/13/2020 14:10:51,-85.62,44.76,"Traverse City, Michigan 49684, United States","Traverse City, Michigan"
46514,2 individuals twice a week,7/14/2020 13:44:42,-86,41.68,"Elkhart, Indiana 46514, United States","Elkhart, Indiana"
43081,2 individuals Daily,7/14/2020 19:43:56,-82.94,40.13,"Westerville, Ohio 43081, United States","Westerville, Ohio"
49507,2 individuals Daily,7/15/2020 11:41:28,-85.64,42.94,"Grand Rapids, Michigan 49507, United States","Grand Rapids, Michigan"
43081,150 individuals Weekly,7/16/2020 20:02:17,-82.94,40.13,"Westerville, Ohio 43081, United States","Westerville, Ohio"
47401,8 individuals weekly,7/17/2020 17:23:20,-86.5,39.16,"Bloomington, Indiana 47401, United States","Bloomington, Indiana"
49007,8 individuals Weekly,7/17/2020 20:25:40,-85.58,42.29,"Kalamazoo, Michigan 49007, United States","Kalamazoo, Michigan"
46615,10 individuals Monthly,7/18/2020 14:11:03,-86.22,41.67,"South Bend, Indiana 46615, United States","South Bend, Indiana"
48104,4 individuals Weekly,7/19/2020 20:00:06,-83.74,42.28,"Ann Arbor, Michigan 48104, United States","Ann Arbor, Michigan"
45387,12 individuals Weekly,7/20/2020 23:29:43,-83.89,39.81,"Yellow Springs, Ohio 45387, United States","Yellow Springs, Ohio"
45458,24 individuals each Gregorian month,7/21/2020 10:21:43,-84.22,39.63,"Dayton, Ohio 45458, United States","Dayton, Ohio"
49855,2 individuals Weekly,7/24/2020 7:20:28,-87.41,46.56,"Marquette, Michigan 49855, United States","Marquette, Michigan"
45387,2 individuals Weekly,7/24/2020 13:16:59,-83.89,39.81,"Yellow Springs, Ohio 45387, United States","Yellow Springs, Ohio"
45387,12 individuals monthly,7/24/2020 13:22:40,-83.89,39.81,"Yellow Springs, Ohio 45387, United States","Yellow Springs, Ohio"
45387,2 individuals 1-2 times monthly,7/25/2020 17:30:47,-83.89,39.81,"Yellow Springs, Ohio 45387, United States","Yellow Springs, Ohio"
45434,4 individuals every other week,7/26/2020 22:53:21,-84.03,39.72,"Dayton, Ohio 45434, United States","Dayton, Ohio"
43078,5 individuals monthly,7/29/2020 11:05:08,-83.75,40.11,"Urbana, Ohio 43078, United States","Urbana, Ohio"
43072,5 individuals monthly,7/29/2020 11:08:25,-83.96,40.13,"Saint Paris, Ohio 43072, United States","Saint Paris, Ohio"
43078,5 individuals monthly,7/29/2020 11:11:05,-83.75,40.11,"Urbana, Ohio 43078, United States","Urbana, Ohio"
44870,12 individuals weekly,7/31/2020 21:29:40,-82.68,41.48,"Sandusky, Ohio 44870, United States","Sandusky, Ohio"
44839,2 individuals weekly,7/31/2020 21:32:40,-82.64,41.38,"Huron, Ohio 44839, United States","Huron, Ohio"
44839,2 individuals Daily,7/31/2020 21:38:53,-82.64,41.38,"Huron, Ohio 44839, United States","Huron, Ohio"
48111,4 individuals every week,8/1/2020 20:03:10,-83.49,42.22,"Belleville, Michigan 48111, United States","Belleville, Michigan"
46835,7 individuals weekly,8/2/2020 10:35:23,-85.1,41.13,"Fort Wayne, Indiana 46835, United States","Fort Wayne, Indiana"
43560,8 individuals Monthly,8/2/2020 22:53:05,-83.7,41.7,"Sylvania, Ohio 43560, United States","Sylvania, Ohio"
43560,3 individuals Weekly,8/3/2020 12:26:05,-83.7,41.7,"Sylvania, Ohio 43560, United States","Sylvania, Ohio"
43560,4 individuals Every other week,8/3/2020 12:28:54,-83.7,41.7,"Sylvania, Ohio 43560, United States","Sylvania, Ohio"
48108,6 individuals monthly,8/8/2020 11:01:14,-83.75,42.24,"Ann Arbor, Michigan 48108, United States","Ann Arbor, Michigan"
49546,30 individuals Monthly,8/8/2020 14:03:08,-85.58,42.92,"Grand Rapids, Michigan 49546, United States","Grand Rapids, Michigan"
45387,4 individuals Monthly,8/11/2020 15:45:54,-83.89,39.81,"Yellow Springs, Ohio 45387, United States","Yellow Springs, Ohio"
45387,4 individuals 4 Days a week,8/23/2020 7:06:39,-83.89,39.81,"Yellow Springs, Ohio 45387, United States","Yellow Springs, Ohio"
48197,2 individuals Weekly,8/26/2020 18:07:12,-83.62,42.25,"Ypsilanti, Michigan 48197, United States","Ypsilanti, Michigan"
44060,8 individuals every other week,8/28/2020 15:16:35,-81.36,41.66,"Mentor, Ohio 44060, United States","Mentor, Ohio"
44118,2 individuals Daily,9/1/2020 20:31:40,-81.53,41.49,"Cleveland, Ohio 44118, United States","Cleveland, Ohio"
44110,12 individuals Monthly,9/13/2020 15:53:10,-81.57,41.57,"Cleveland, Ohio 44110, United States","Cleveland, Ohio"
46814,20 individuals Weekly,9/14/2020 21:50:09,-85.28,41.07,"Fort Wayne, Indiana 46814, United States","Fort Wayne, Indiana"
44023,25 individuals Every other week,9/20/2020 18:50:49,-81.39,41.36,"Chagrin Falls, Ohio 44023, United States","Chagrin Falls, Ohio"
48911,8 individuals Every other week,9/27/2020 12:00:05,-84.54,42.66,"Lansing, Michigan 48911, United States","Lansing, Michigan"
48864,4 individuals Weekly,9/27/2020 12:20:06,-84.46,42.72,"Okemos, Michigan 48864, United States","Okemos, Michigan"
48823,15 individuals monthly,9/27/2020 16:29:28,-84.47,42.73,"East Lansing, Michigan 48823, United States","East Lansing, Michigan"
48808,40 individuals weekly,10/4/2020 14:47:51,-84.47,42.8,"Bath, Michigan 48808, United States","Bath, Michigan"
48823,15 individuals monthly,10/6/2020 17:47:04,-84.47,42.73,"East Lansing, Michigan 48823, United States","East Lansing, Michigan"
45133,2 individuals Monthly,10/8/2020 7:09:43,-83.61,39.2,"Hillsboro, Ohio 45133, United States","Hillsboro, Ohio"
43551,6 individuals Weekly,10/8/2020 9:19:52,-83.6,41.55,"Perrysburg, Ohio 43551, United States","Perrysburg, Ohio"
43420,10 individuals Monthly,10/8/2020 9:22:37,-83.12,41.35,"Fremont, Ohio 43420, United States","Fremont, Ohio"
43230,5 individuals Weekly,10/8/2020 12:22:46,-82.87,40.02,"Columbus, Ohio 43230, United States","Columbus, Ohio"
43230,16 individuals Weekly,10/8/2020 12:25:32,-82.87,40.02,"Columbus, Ohio 43230, United States","Columbus, Ohio"
45619,4 individuals 4-6 weeks,10/9/2020 19:45:03,-82.48,38.42,"Chesapeake, West Virginia 45619, United States","Chesapeake, West Virginia"
44202,5 individuals Daily,10/13/2020 20:46:24,-81.35,41.32,"Aurora, Ohio 44202, United States","Aurora, Ohio"
49855,4 individuals Biweekly,10/14/2020 17:32:43,-87.41,46.56,"Marquette, Michigan 49855, United States","Marquette, Michigan"
47250,3 individuals Biweekly,10/14/2020 17:46:46,-85.38,38.78,"Madison, Indiana 47250, United States","Madison, Indiana"
48197,2 individuals Daily,10/14/2020 20:56:48,-83.62,42.25,"Ypsilanti, Michigan 48197, United States","Ypsilanti, Michigan"
45133,7 individuals Monthly,10/17/2020 17:39:32,-83.61,39.2,"Hillsboro, Ohio 45133, United States","Hillsboro, Ohio"